Shop_Name,City,State,Zip,Address,Phone,Email
Vic's Art For Life,#209 Juneau,AK,99801-1256,2 Marine Way,907-586-6004,
Ultimate Body Piercing & Tattoo,#B Anchorage,AK,99507-1282,3427 E Tudor Rd,907-563-2005,
Classic Tattoo,99669-7645,AK,34851,Kenai Spur Hwy Soldotna,907-262-3815,
American Tattoo,Anchorage,AK,99501-2636,540 E 5th Ave,907-274-7546,
Anchorage Tattoo Studio,Anchorage,AK,99503-3818,706 W Benson Blvd,907-561-0065,
Body Piercing Emporium,Anchorage,AK,99508-1111,3523 Mountain View Dr,907-277-3693,
Body Piercing Unlimited,Anchorage,AK,99503-2642,2408 C St,907-279-1300,
Dragon Rays Tattooing,Anchorage,AK,99508-1111,3523 Mountain View Dr,907-272-8287,
Eagle Eye Tattoo PO Box 1369,Cordova,AK,99574-1369,,907-424-5844,
Top Of The World Tattoo,Fairbanks,AK,99701-4830,120 Hall St,907-456-6787,
Pair A Dice Tattoo,Haines,AK,99827,,907-766-3704,
Apocalypse Tattooing & Piercing,Juneau,AK,99801-8096,9131 Glacier Hwy,907-790-4657,
Exotic Tats N Glass,Juneau,AK,99801-1338,231 S Franklin St,907-586-6004,
Tat Attack,Ketchikan,AK,99901-6145,910 Water St,907-225-7933,
Winter Moon Tattoo,Kotzebue,AK,99752,,907-442-2618,
White Wolf Custom Graphics PO Box 1331,Sitka,AK,99835-1331,,907-747-8470,
Valdez Tattoo 121 Egan,Valdez,AK,99686,,907-835-3006,
Ground Zero Productions Tattoo,Wasilla,AK,99654-7379,951 Hermon Rd,907-376-6853,
Tat Attact,atla,AK,99926,Metl,907-886-0828,
"Auburn, Alabama, 36830",Auburn,AL,36830,,,
"Foley, Alabama, 36535",Foley,AL,36535,,,
"Tuscaloosa, Alabama, 35401",Tuscaloosa,AL,35401,,,
"Athens, Alabama, 35613, United States",United States,AL,35613,Athens,,
"Birmingham, Alabama, 35222, United States",United States,AL,35222,Birmingham,(205) 447-2125,
"Daphne, Alabama, 36526, United States",United States,AL,36526,Daphne,(251) 623-1721,
"Huntsville, Alabama, 35801, United States",United States,AL,35801,Huntsville,,
Time Warp Tattoo & Body Piercing,#1 Bullhead City,AZ,86442-5078,861 Hancock Rd,520-758-0016,
Enchanted Dragon,#1 Sierra Vista,AZ,85635-1897,200 E Fry Blvd,520-459-0500,
Two Kats Tats,#103 Glendale,AZ,85302-1717,5030 W Peoria Ave,623-934-9197,
Mom's Tattoo,#103 Tempe,AZ,85281-5870,1250 E Apache Blvd,480-894-0665,
Club Tattoo,#104 Tempe,AZ,85281-5838,1212 E Apache Blvd,480-902-0943,
Marilyn Make-Up Magic,#106 Scottsdale,AZ,85251-4435,4020 N Scottsdale Rd,480-947-8498,
Ultimate Art,#107 Tempe,AZ,85281-3666,225 W University Dr,480-967-5200,
Permanent Makeup & Scar,#109 Tucson,AZ,85716-1555,2921 E Fort Lowell Rd,520-327-4649,
Clan Tatu-Skin 'N' Soul,#117 Tempe,AZ,85281-8424,1301 E University Dr,480-736-2980,
Faces Permanent Makeup Artstry,#152 Tucson,AZ,85704-6486,190 W Magee Rd,520-797-3242,
Creative Skin Tattoo,#2 Glendale,AZ,85301-2700,4935 W Glendale Ave,623-937-7443,
Pigments Of Imagination,#2 Phoenix,AZ,85032-2434,2535 E Bell Rd,602-404-9191,
Virtual Reality,#3 Mesa,AZ,85204-2930,525 S Gilbert Rd,480-833-6998,
Urban Art Tattoo,#33 Mesa,AZ,85201-5827,340 W University Dr,480-844-7429,
Ace Tattoo Co,#4 Glendale,AZ,85302-3031,5925 W Olive Ave,623-937-8282,
Artistic Skin Designs,#4 Mesa,AZ,85210-4023,2722 S Alma School Rd,480-345-1884,
Lucky Deville Tattoo,#4B Lake Havasu City,AZ,86403-6838,2169 Swanson Ave,520-505-8282,
Hierarchy Tattoos & Piercing,#5 Glendale,AZ,85301-4944,6031 N 67th Ave,623-435-2047,
Arizona Ink,#7 Glendale,AZ,85301-7462,5510 W Camelback Rd,623-847-9077,
Sacred Art,#8 Mesa,AZ,85210-5184,1423 S Country Club Dr,480-827-2530,
Independent Ink Inc,#D Flagstaff,AZ,86001-5738,111 S San Francisco St,520-773-4966,
Immortal Art,85253-1448,AZ,10255,N Scottsdale Rd #1 Paradise Valley,480-348-9418,
Lucky Draw Tattoo,85306-4834,AZ,13812,N 51st Ave Glendale,602-978-0412,
Underground Tattoos & Body,85345-6544,AZ,10865,N 85th Ave Peoria,623-334-9698,
Trust Tattoo Studio,95 #100 Fort Mohave,AZ,86426-6003,5575 Highway,520-768-5311,
Charlie's House Of Tattoos,95 Bullhead City,AZ,86429-5401,1105 Highway,520-754-8282,
Wild West Tattoos & Custom,Apache Junction,AZ,85220-5003,90 S Ironwood Dr,480-671-0746,
Carnival Tattoos,AveTucson,AZ,85719-2104,3318 N 1st,520-888-8138,
Big Brother Tattoo,Bisbee,AZ,85603,44 Main St,520-432-2276,
Cosmic Tattoo,Cornville,AZ,86325,1125 Page Springs Rd,520-634-5744,
Freedom Design Emporium,Cottonwood,AZ,86326-3530,1060 N Main St,520-639-3036,
Blue Dragon Tattoos,Flagstaff,AZ,86004-3938,2634 N Steves Blvd,520-527-8408,
Wild Pig Tattoos,Gilbert,AZ,85233-2531,919 W Cooley Dr,480-813-2922,
Desert Rose Tattoo,Glendale,AZ,85301-5806,5633 N 59th Ave,623-939-6277,
Wicked Ways Tattoo Studio,Junction,AZ,85220-3726,2033 W Apache Trl Apache,480-288-1440,
Altered State,Mesa,AZ,85201-5355,1925 W University Dr,602-644-7969,
Body Art Tattoo Studio,Mesa,AZ,85201-6512,443 W Main St,602-644-0812,
Immaculate Tattoo,Mesa,AZ,85201-7028,1454 W Main St,480-668-4940,
Lou's Skin Art,Mesa,AZ,85204-2101,237 S Stapley Dr,480-834-4646,
One-Eyed Jack's Tattoo,Miami,AZ,85539-1206,314 Live Oak St,520-473-8287,
Purple Impala Art Co,Parker,AZ,85344-5134,1008 S Hopi Ave,520-669-5639,
Arizona's Tattooland,Phoenix,AZ,85015-5105,4121 N 19th Ave,602-230-1947,
Crawling Squid Tattoo Studio,Phoenix,AZ,85017-2105,2611 W Bethany Home Rd,602-433-9008,
Electrik Needle,Phoenix,AZ,85051-4100,8502 N Black Canyon Hwy,602-995-5928,
Fine Art Tattoo,Phoenix,AZ,85017-5514,2732 W Thomas Rd,602-272-3256,
Needles Organization,Phoenix,AZ,85013-1701,5515 N 7th Ave,602-265-1813,
Sacred Skin Studios,Phoenix,AZ,85021-1929,1921 W Mountain View Rd,602-749-8282,
Electrik Needle Too,Prescott Valley,AZ,86314-2907,6333 E Copper Hill Dr,520-775-3261,
Ink Dragon 201 1/2 E Us Highway,Safford,AZ,85546-2064,70,520-348-0692,
Denise De Lorean Permanent,Scottsdale,AZ,85254-5200,6990 E Shea Blvd,480-483-8478,
Dreamscapes Tattoo,Scottsdale,AZ,85251-4450,4017 N  Rd,480-874-3240,
Black Rose,Sierra Vista,AZ,85635-1824,699 E Fry Blvd,520-459-2222,
Genesis The New Tribe,Sierra Vista,AZ,85635-1812,610 Bartow Dr,520-459-4822,
Htc Body Piercing,Tempe,AZ,85281-5624,808 S Ash Ave,480-784-4460,
Living Canvas Tattoos Inc,Tempe,AZ,85281-5605,946 S Mill Ave,480-829-6966,
Tattooed Planet,Tempe,AZ,85281-3730,204 E University Dr,480-784-4529,
Ancient Art Tattoo,Tucson,AZ,85711-6218,2108 S Alvernon Way,520-747-3340,
Barbara's Electrolysis,Tucson,AZ,85712-4504,1208 N Alvernon Way,520-323-3424,
Enchanted Dragon Ii,Tucson,AZ,85719-3144,2756 N Campbell Ave,520-326-7807,
Enchanted Dragon Inc,Tucson,AZ,85712-2511,4138 E Grant Rd,520-322-0611,
Inkman's Inkwell Studio,Tucson,AZ,85719-5337,333 N Park Ave,520-740-0642,
Maggie Maye's Desert Rose,Tucson,AZ,85705-5533,204 W Grant Rd,520-620-0144,
Majestik Tattoo,Tucson,AZ,85705-8442,315 N 4th Ave,520-622-7050,
Modern Art Tattoo,Tucson,AZ,85712-2511,4138 E Grant Rd,520-322-0611,
Old Towne Tattoo,Tucson,AZ,85712-4524,4240 E Speedway Blvd,520-321-9042,
Sap Tattooing,Tucson,AZ,85712-5026,5832 E Speedway Blvd,520-571-1971,
Slingin Ink,Tucson,AZ,85712-4523,4243 E Speedway Blvd,520-881-4372,
Tattoo,Tucson,AZ,85713-5343,3761 E Technical Dr,520-722-0058,
Tattoo Artistry,Tucson,AZ,85719-5312,708 E 9th St,520-792-1322,
Tattoo Shop,Tucson,AZ,85701-2013,211 E Broadway Blvd,520-628-8282,
Wildcat Tatoos,Winslow,AZ,86047-3603,105 W 2nd St,520-289-5298,
Rites Of Passage Tattoo Art,Yuma,AZ,85364-2230,160 S 4th Ave,520-783-1926,
Skin Pen,Yuma,AZ,85364-4634,1215 S 5th Ave,520-329-0570,
ShowOff Ink Artistry,New Haven,CT,06510,93 Whitney Ave,203-553-4011,showoffinkartistry@gmail.com
Black Hatchet Tattoo Co.,Wallingford,CT,06492,1056 S Colony St,203-284-0848,blackhatchettattoos@gmail.com
Introspection Productions,#2 Newark,DE,19702-3905,2431 Pulaski Hwy,302-369-3304,
Tidewater Tattoo Studio,#2 Newark,DE,19702-3905,2431 Pulaski Hwy,302-369-3232,
Shadow Art Tattoos,#4 Felton,DE,19943-5621,9989 S Dupont Hwy,302-284-4133,
Northern Lights,#B4 Claymont,DE,19703-3527,950 Ridge Rd,302-798-5513,
August Moon,Bear,DE,19701-1235,2 623 Pulaski Hwy,302-328-8113,
David A Mitchell Tattooing Road,Dagsboro,DE,19939,341,302-732-3429,
Obbey Tattooing RR,Delmar,DE,19940-9702,1 BOX 86,302-846-2966,
Doug's Tattoo & Piercing,Dover,DE,19901-1931,351 Norway Dr,302-653-1364,
Little Gary's Tattooing,Dover,DE,19901-5120,1652 S Dupont Hwy,302-678-0409,
Fat Larry's Tattoo Shop RR,Laurel,DE,19956-9803,3 BOX 33Hc,302-875-4579,
House Of Pain Tattoo Shop,Lewes,DE,19958,104 Midway Village,302-645-6260,
American Art Tattoo Inc,Newark,DE,19711-3921,1101 Kirkwood Hwy,302-454-8001,
Two-Tone Tattoo & Body Piercing,Newark,DE,19711-7242,2675 Capitol Trl,302-286-1300,
Independent Studio Inc,Selbyville,DE,19975-9540,3 W Fenwick Station,302-436-5581,
Windchimes Tattoo Route,Selbyville,DE,19975,54,302-436-6206,
All Inked Up Tattoo Studio,Wilmington,DE,19805-3808,1924 Lancaster Ave,302-654-4421,
New Flesh Tattoo Studio Inc,Wilmington,DE,19810-2807,2217 Inwood Rd,302-791-9711,
Wild Card Studios,Wilmington,DE,19803-3603,1705 Concord Pike,302-429-9453,
Doolz Phat Tats,lphia Pike Edgemoor,DE,19809-1842,1401 Phila,302-791-9711,
Lucky Buddha Tattoo Studio,lphia Pike Wilmington,DE,19809-2541,722 Phila,302-764-6475,
Redman Tattoos,lphia Pike Wilmington,DE,19809-3125,244 Phila,302-762-5204,
Age of Ink,32817,FL,12226,Corporate Blvd 106,,
Tattoo Alchemy,33903,FL,13240,N Cleveland Ave,,
Art & Soul Custom Tattoo Gallery,33907,FL,11188,S Cleveland Ave,,
Alan's Cool Ink,Destin,FL,32541,743 Harbor Blvd,,
Alien Phone Tattoo,Fort Walton Beach,FL,32548,80 Beal Pkwy NW Unit A,,
727 Tattoos,Largo,FL,33771,8250 Ulmerton Rd Ste D,,
Alchemy Tattoo and Fine Art,Ocala,FL,34470,1005 SW 10th St 103,,
"LAVISHiBROWS Permanent Makeup & Clinical Aesthetics, Beauty & Wellness Spa of Winter Garden",Winter Garden,FL,34787,160 S Main St,,
"KALAKAUA AVENUE, #113",Honolulu,HI,,,,
KAPIOLANI BLVD. SUITE PH20.,Honolulu,HI,,,,
"KUHIO AVENUE, UNIT 200",Honolulu,HI,,,,
WAIALAE AVE STE #220,Honolulu,HI,,,,
"WAIALAE AVENUE, SUITE 102A",Honolulu,HI,,,,
"KAKALA STREET, #609",Kapolei,HI,,,,
"ALA MOANA BLVD., SUITE 204",Oahu,HI,,HL STUDIO + INK,,
ALOHA BEAUTY ACADEMY,Oahu,HI,,Waipahu,,
B S. BERETANIA ST.,Oahu,HI,,Honolulu,,
BISHOP ST UNIT 1705,Oahu,HI,,Honolulu,,
KALAKAUA AVE. STE 404,Oahu,HI,,Honolulu,,
KOKO HEAD AVENUE #201,Oahu,HI,,Honolulu,,
S. BERETANIA ST #D.,Oahu,HI,,Honolulu,,
SOUTH KING STREET,Oahu,HI,,BEATRIZ YURI STETZEL (BIA YURI LLC),,
"S. KING STREET, SUITE 211",Waipahu,HI,,,,
2 THUMBS TATTOO,,HI,,,,
AIMEE FRENCH BEAUTY,,HI,,,,
ALA MOANA BLVD.,,HI,,,,
ALLURE BEAUTY HAWAII LLC,,HI,,,,
ALOHA TATTOO,,HI,,,,
ALOHA TATTOO CO. #2,,HI,,,,
ALOHA TATTOO DIAMOND,,HI,,,,
AMERICAN MADE TATTOO LLC.,,HI,,,,
ARENA BEAUTY AND NAIL SALON,,HI,,,,
BEAUTY BLISS LLC,,HI,,,,
BELLA BROWS & ESTHETICS BY MIA,,HI,,,,
BESPOKE,,HI,,,,
BIA YURI LLC,,HI,,,,
BLACKCAT TATTOO STUDIO,,HI,,,,
BLISS ESTHETICS LLC,,HI,,,,
BROW ATELIER,,HI,,,,
"BROW SOCIETY HI, THE",,HI,,,,
BROWS AND THINGS,,HI,,,,
"BROWS BY JEEYONCESLAY, LLC",,HI,,,,
BROWS BY PATTY,,HI,,,,
BROWS BY SOY,,HI,,,,
CECE INK,,HI,,,,
"COLLECTIVE GALLERY LLC, THE",,HI,,,,
CONNIE GAYLE SALON AND SPA,,HI,,,,
"CORAL CITY TATTOO, LLC",,HI,,,,
DI UNIVERSE BEAUTY LLC,,HI,,,,
"DILLINGHAM BLVD., UNIT 7A",,HI,,,,
"DILLINGHAM BOULEVARD, #F2",,HI,,,,
ELECTRIC PARADISE TATTOO,,HI,,,,
ELIZAVETA NEGINSKAYA,,HI,,,,
EMPIRE ART STUDIO,,HI,,,,
"ENVY EYES AND WAX, LLC",,HI,,,,
ESTHETIC DREAMS STUDIO LLC,,HI,,,,
EUNICE'S BEAUTY SALON,,HI,,,,
FACE IT STUDIO,,HI,,,,
FACIAL XPRESSIONS STUDIO L.L.C.,,HI,,,,
FOLEY OB & AESTHETICS,,HI,,,,
GENTLE SCRATCHES TATTOO,,HI,,,,
GOLDEN REAPER TATTOO,,HI,,,,
"GREEN HOUSE COLLECTIVE TATTOO STUDIO, THE",,HI,,,,
"HALE NUI TATTOO COMPANY, INC",,HI,,,,
HAPA BROWS,,HI,,,,
HAWAIIAN TATTOO COMPANY,,HI,,,,
"HEADS UP SALON, LLC",,HI,,,,
HL STUDIO + INK,,HI,,,,
HOUSE INK,,HI,,,,
INDULGE LLC,,HI,,,,
INFINITY BEAUTEE SUITES,,HI,,,,
"INK PIT, THE",,HI,,,,
INKS LANDING TATTOO,,HI,,,,
JANIDARTISTRY,,HI,,,,
JON REN SALON,,HI,,,,
JUDY'S NAIL AND BEAUTY SALON LLC,,HI,,,,
KALAKAUA AVENUE,,HI,,,,
"KALAKAUA AVENUE, SUITE A",,HI,,,,
KALIA ROAD SPACE J-8,,HI,,,,
"KALIA ROAD, UNIT 401A",,HI,,,,
"KANAKANUI STREET, UNIT 2",,HI,,,,
KAPIOLANI BLVD. #106.,,HI,,,,
"KAPOLEI PKWY., SUITE 105",,HI,,,,
"KEEAUMOKU STREET, SUITE 203",,HI,,,,
KING HORNET TATTOO STUDIO,,HI,,,,
KOKO HEAD AVENUE #204,,HI,,,,
KU TATTOO,,HI,,,,
KUALA STREET,,HI,,,,
"KUHIO AVENUE, SUITE 9 & 10",,HI,,,,
LILIHA STREET #102,,HI,,,,
LILIUM TATTOO HAWAII,,HI,,,,
LOYALTY TATTOO,,HI,,,,
LUXE ESTHETICS LLC,,HI,,,,
MODERN ARTISTRY SPA & WELLNESS,,HI,,,,
MONARCH TATTOO,,HI,,,,
MUSUME INK LLC,,HI,,,,
N. KING ST,,HI,,,,
"N. SCHOOL STREET, SUITE 146",,HI,,,,
NAILS AND LASH BOUTIQUE,,HI,,,,
NANI NAILS SALON,,HI,,,,
NANIS OHANA HAIR TECH AND BEAUTY LLC,,HI,,,,
NUEVE SALON & SPA,,HI,,,,
NUUANU AVENUE,,HI,,,,
OHANA TATTOO COMPANY,,HI,,,,
"ONYX NAILS AND SPA, LLC",,HI,,,,
"ORIGINAIL, LLC.",,HI,,,,
PACIFIC SOUL TATTOO,,HI,,,,
"PALI HWY., SUITE 84",,HI,,,,
PEARL NAIL SALON,,HI,,,,
PERMANENT MAKE UP BY YUMI,,HI,,,,
"ROYAL NAILS, LLC",,HI,,,,
ROYAL TATTOO,,HI,,,,
S. BERETANIA STREET,,HI,,,,
S. KING ST. UNIT 406.,,HI,,,,
S. KING STREET #321,,HI,,,,
"S. KING STREET, UNIT 2F #207",,HI,,,,
SACRED ART TATTOO & COFFEE BAR,,HI,,,,
SACRED ART TATTOO AND COFFEE BAR,,HI,,,,
SACRED ART TATTOO KAILUA,,HI,,,,
SACRED ART TATTOO WAIKIKI,,HI,,,,
"SAINT ARTISTRY, LLC",,HI,,,,
SALON ISLAND BEAUTY,,HI,,,,
SALT LAKE BLVD. A7.,,HI,,,,
"SALT LAKE BLVD., SUITE A6",,HI,,,,
SCARLET AND GOLD TATTOO,,HI,,,,
SEA FOAMS BLOOD,,HI,,,,
SIN'S TATTOO STUDIO,,HI,,,,
SIREN AND SONG TATTOO PARLOUR,,HI,,,,
"SKIN DEEP PIERCING, INC",,HI,,,,
SKIN FACTORY TATTOO,,HI,,,,
SKIN SOCIETY HAWAII,,HI,,,,
SOUTH BERETANIA STREET,,HI,,,,
SOUTH SIDE INK,,HI,,,,
SUNDANCE TATTOO HAWAII,,HI,,,,
TATTOO LABYRINTH,,HI,,,,
TONES LLC,,HI,,,,
TOUCH OF BEAUTY,,HI,,,,
VIP @ SALON SUZIE,,HI,,,,
"WEST COAST INK, LLC",,HI,,,,
WILIKINA DRIVE,,HI,,,,
YOSHIE GROVES,,HI,,,,
YOSHIE ITO GROVE,,HI,,,,
Integrity Tattoos Inc,Street Belleville,IL,62220,324 N,,
Divine Tattoo Parlor,Missouri,KS,,5036 E Parvin Road.,8165692926,
Electric Iron Tattoo Shop,Missouri,KS,,5502 Troost Avenue,8162553433,
Golden Stag Tattoo & Gallery,Missouri,KS,,3119 Gillham Road,8165143119,
GoodFellas Tattoo Gallery,Missouri,KS,,514 East 31st Street.,8168884804,
Hand & Dagger Tattoo,Missouri,KS,,3111 Wyandotte Street,8168668844,
Ink Parlor,Missouri,KS,,8135 Wornall Road,8169844465,
Outlaw Ink Tattoos & Piercings,Missouri,KS,,3955 Broadway Boulevard,8163516690,
Stormy Tattoo,Missouri,KS,,4243 Walnut Street,8167876403,
Surreal Tattoo Studio,Missouri,KS,,1222 W 39th Street,8166051071,
Wind Horse Tattoo,Missouri,KS,,901 E 31st Street,8162830500,
"Tattoo Charlie's (New Circle Rd, Lexington)",#2 Lexington,KY,40505,470 New Circle Rd.,(859) 254-2174,
Hell or High Water Tattoo Shop,42262,KY,16484,Fort Campbell Blvd,(270) 697-5155,
Charmed Life Tattoo,Lexington,KY,40508,754 N Limestone,(859) 266-4187,
Ink Addiction Tattoos,Lexington,KY,40509,3160 Richmond Road,859-225-0013,
Imperial Tattoos,Louisville,KY,40204,972 Barret Ave,(502) 618-4653,
Infinite Electric Tattoo,Louisville,KY,40299,3503 S Hurstbourne Pkwy,(502) 916-6179,
"Tattoo Charlie's (Preston Hwy, Louisville)",Louisville,KY,40219,7904 Preston Hwy,(502) 964-8774,
Always & Forever Tattoo,Watertown,MA,,565 Mount Auburn St,(617) 744-1740,
10 SKYN,Baltimore,MD,21218,2509 N. Charles Street,410-292-7488,
Absolute Tattoo & Body Piercing,Baltimore,MD,21224,6614 Holabird Ave,410-633-8334,
Angels and Demons Tattoo Studio LLC,Baltimore,MD,21201,112 Clay Street,443-355-3093,
Baltimore Ink,Baltimore,MD,21201,107 West Saratoga Street,410-258-9257,
Baltimore Tattoo Museum,Baltimore,MD,21231,1534 Eastern Ave,410-522-5800,
Brightside Gallery and Apparel LLC,Baltimore,MD,21230,1130 Light Street,443-388-8931,
ChapterHouse Tattoo LLC,Baltimore,MD,21214,4801 Harford Road,443-885-9788,
Charm City Microblading,Baltimore,MD,21211,3602 Elm Avenue,410-366-7546,
Cleopatra Ink Tattoo & Piercing,Baltimore,MD,21224,2400 Boston Street,410-301-6409,
Dancing Fox Tattoo,Baltimore,MD,21209,1621Sulgrave Ave,949-542-2268,
Deville Ink Tattoo & Piercing Co.,Baltimore,MD,21224,5920 A Eastern Ave,410-400-9641,
Field Marks,Baltimore,MD,21230,1100 Wicomico Street,757-508-6784,
Fruit Camp LLC,Baltimore,MD,21211,2658 Miles Avenue,704-577-7489,
HFBL Tattoo LLC - Emily Sloman,Baltimore,MD,21211,820 W. 36th St,410-235-5930,
Hallowed Pearl Tattoo,Baltimore,MD,21211,3400 Chestnut Avenue,443-853-1954,
Island City Tattoo & Supplies Inc,Baltimore,MD,21215,5456 Park Heights Avenue,410-466-0555,
Light Street Tattoo LLC,Baltimore,MD,21230,1442 Light Street,773-531-7145,
Liminal Space (Unit A),Baltimore,MD,21201,300 N. Charles Street,443-447-1704,
Morning Star Collective,Baltimore,MD,21230,207 Key Highway,443-558-8272,
"Mt Vernon Body Art, LLC",Baltimore,MD,21201,827 N. Charles Street,443-388-9703,
New American Tattoo Co. LLC,Baltimore,MD,21224,6308 Eastern Ave,410-633-5999,
Read Street Tattoo Parlor,Baltimore,MD,21201,882 Park Ave,410-523-4657,
Red Thorn Tattoo,Baltimore,MD,21201,1731,443-682-8276,
Sage Cosmetic Tattoo,Baltimore,MD,21211,3554 Roland Avenue,443-475-0566,
Saints & Sinners Tattoo,Baltimore,MD,21231,1610 Thames St,410-276-1300,
Stay Humble Tattoo Co. Inc,Baltimore,MD,21211,801 W 36th St,410-235-1234,
The Pretty Scar Tattoo Social,Baltimore,MD,21211,3600 Falls Road,410-929-8418,
Transmission Tattoo,Baltimore,MD,21211,1001 West 36th Street,443-438-4020,
Waverly Tattoo Company,Baltimore,MD,21211,203 West 28th St-Suite A,410-493-3697,
Thirteen Rose Tattoo,MO 63043,MD,11988,Dorsett Rd.,314-942-2019,
Tattoo's,Augusta,ME,04330-5931,4U 264 Eastern Ave,207-626-9232,
Wright Tattoo,Augusta,ME,04330,8 Rod Rd,207-623-4913,
Hermon Tattoo & Piercing RR,Bangor,ME,04401-9802,2,207-848-5222,
Ram Tattoo,Bangor,ME,04401-5306,182 Essex St,207-942-8038,
Bar Harbor Tattoo Shop,Bar Harbor,ME,04609-1806,40 Rodick St,207-288-9722,
Julie Rose Body Arts,Belfast,ME,04915-6533,96 Main St,207-338-1398,
Tattoo Therapy,Belton,MO,64012,230 E North Ave Suite A,,
Butch's Tattoo and Body Piercing,Blue Springs,MO,64014,106,,
Iron Moe's,Columbia,MO,65201,816 E Broadway,,
Steel and Ink Tattoo Studio,Louis,MO,,St,,
Next Generation Tattoo & Body Piercing,Springfield,MO,,,417-889-9130,
Machine in Ink Tattoo Studios,St Peters,MO,63376,3983 Mexico Rd,,
TRX Tattoos & Piercings,St. Louis,MO,63118,3207 S Grand Blvd,,
Bleeding Heart Tattoo,Summit,MO,,Lee's,,
River City Tattoo Company,Ave Cahokia IL,MS,62206,3317A,,
Hard Case Tattoo,OR,MS,97227,3636 N,971-325-3680,
Aesthetic Agony Tattoo,Billings,MT,59101,2910 2nd Avenue North,(406) 245-6386,
Black Dagger Tattoo,Billings,MT,59101,2914 1st Avenue North,(406) 839-2997,
Bohemian Music Body Piercing,Billings,MT,59101,2911,(406) 259-3610,
Cin City Tattoo & Body Piercing,Billings,MT,59102,2075 Central Avenue,(406) 839-9393,
Copper Cat Tattoo,Billings,MT,59102,2160 Central Avenue,(406) 652-1951,
Eagle Tattoo,Billings,MT,59101,2323 Belknap Avenue,(406) 245-0379,
Eternal Ink,Billings,MT,59102,945 Grand Avenue,(406) 655-0011,
Ghosts of Grace Tattoo Collective,Billings,MT,59102,2646 Grand Avenue,(406) 839-0860,
Great White Tattoo,Billings,MT,59101,2816 1st Avenue North,(406) 598-8288,
Grindhaus Tattoo,Billings,MT,59101,504 North 20th Street,(406) 969-1835,
Legendary Tattoo Studio and Art Gallery PLLC,Billings,MT,59101,406 Grand Avenue,(406) 534-8760,
Magic City Markers,Billings,MT,59105,1106 Main Street,(406) 371-5836,
Rellik Tattoo,Billings,MT,59101,528 Grand Avenue,(406) 245-3800,
Sovereign Tattoo,Billings,MT,59102,2040 Rosebud Drive,(406) 969-1041,
Swipey's Old Town Tattoo & Body Piercing,Billings,MT,59105,649 Main Street,(406) 690-6349,
Tattoo Art,Billings,MT,59101,16 North 35th Street,(406) 245-0851,
Outlaw Tattoo,Laurel,MT,59044,413 Southeast 4th Street,(406) 628-4657,
Triple Moon Tattoo,.,NC,27603,22 Glenwood Avenue,(919) 916-7564,
Apocalypse Girl Tattoo,Cary,NC,27511,124 SW Maynard Road,(919) 234-0526,
Made To Last Tattoo,Charlotte,NC,28202,129 N Poplar St.,(980) 474-1872,booking@madetolasttattoo.com
Seventh Sin Tattoo Company,Charlotte,NC,28205,3401 The Plaza,+1 (980) 299-3294,seventhsintattoo@gmail.com
Evolution Ink Studio,Fayetteville,NC,28314,5924 Cliffdale Road,9103232243,
Sacred Raven Tattoo,Fayetteville,NC,28303,4276 Legend Ave,(910) 745-9390,
Derma Design Tattoo & Body,#H-7 Bismarck,ND,58501-0669,2700 State St,701-250-8899,
Michael Jays Tattoos & Temp,Bismarck,ND,58501-1616,1929 N Washington St,701-222-0710,
Penny's Tattoos,Bismarck,ND,58504-6036,131 Airport Rd,701-222-3748,
Addictions Tattooing,Fargo,ND,58103-4154,1623 S University Dr,701-235-8282,
World Famous Magoo's Tattooing,Forks,ND,58203-9304,2010 20th St NE Gra,701-775-7987,
Sterling Rose Tattoos & Piercing,N Fargo,ND,58102-4611,7 10th St,701-232-1744,
Lost Tribe,WV,OH,26101-2536,2028,304-428-2444,
Anchors & Ink,Bend,OR,97703,925 NW Wall St Ste G,541-241-2379,
Angel Ink,City,OR,97045,508 Main Street,503-655-4055,
Electric Glory Tattoo,City,OR,97045,1678 S Beavercreek Rd. Ste I,503-572-6240,
Lucky Supreme Tattoo,City,OR,97045,718 Main Street,503-933-2345,
Oregon City Tattoo,City,OR,97045,207 7th Street,503-974-9173,
Black Label Tattoo,Eugene,OR,97402,2911 West 11th Ave. Suite B,541-393-6807,
Sellwood Tattoo,Gladstone,OR,97027,405 W Arlington St,971-266-8970,
Darkest Days Tattoo,Newport,OR,,1107 SW Coast Hwy Ste A,541-961-8988,
Atlas Tattoo,Portland,OR,97217,4543 North Albina Avenue,503-281-7499,
Ever True Tattoo,Portland,OR,97204,213 SW Ash Street,971-563-5093,
Sink Ink,Stayton,OR,97383,267 E Ida St,503-559-9003,
Birdhouse Tattoo,tland,OR,97206,5823 SE Powell Blvd,971-340-5634,
Fortune Tattoo,tland,OR,97202,6654 SE Milwaukie Ave,503-234-7071,
Grizzly Tattoo,tland,OR,97227,3949 N Williams Ave,503-265-8146,
Icon Tattoo Studio,tland,OR,97227,813 N Russell St,503-477-7157,
Lombard Street Tattoo,tland,OR,97203,8937 N,503-719-6780,
New Rose Tattoo,tland,OR,97206,4823 SE Division St,503-236-7878,
Reliquary Tattoo,tland,OR,97202,4504 SE Milwaukie Ave,,
Rose & Dagger Tattoo,tland,OR,97206,6418 SE Foster Rd,971-347-3055,
Sea Tramp Tattoo Company,tland,OR,97214,1339 SE 8th Ave,503-224-4668,
Tattoo 34 PDX,tland,OR,97214,4035 SE Hawth,503-235-3606,
Wonderland Tattoo,tland,OR,97206,7020 SE 52nd Ave,971-254-4352,
Brothers Tattoo,WV,PA,26062-3421,1508,304-748-5290,
People also search for,prices,PA,,Tattoo parlors,,
The Best Tattoo Artist in Pennsylvania,search a portfolio of works and sign up for a session.Read more,PA,,In our catalog,,
"TOP 10 BEST Tattoo Shops in Philadelphia, PA Top",· 9414 Ink · 1. No Ka Oi Tiki Tattoo · 2. Philadelphia Eddies's Chinatown Tattoo · 3. 9414 Ink · 4.Read more,PA,,10 Best Tattoo Shops Near Philadelphia,,
Elite Ink Tattoos of Myrtle Beach,Beach,SC,29577,Myrtle,843-444-4444,
Island Republic,Beach,SC,29577,Myrtle,843-444-4444,
Beaufort Tattoo Kompany,Beaufort,SC,29906,,843-415-5170,
Dark Tide Gallery,Beaufort,SC,29906,,843-379-8000,
-Born Again Tattoo-“Ancient As Time; Modern As Tomorrow”,Charleston,SC,29407,,,
Blu Gorilla Tattoo,Charleston,SC,29405,,843-805-8071,
Broken Lantern Tattoo,Charleston,SC,29407,,843-637-4999,
Stick N Poke Tattoo Shop,Charleston,SC,29407,,843-637-4999,
BNI-Tattoos,Columbia,SC,29205,,803-799-0000,
Binge Ink,Columbia,SC,29203,,803-661-7488,
FADE TO BLACK,Columbia,SC,29201,,803-779-1234,
Ivory Tiger Tattoo Studios,Columbia,SC,29201,,803-779-1234,
Just Ink About It Tattoo & Piercing Studio,Columbia,SC,29201,,803-779-1234,
Professional Body Piercing by Jackie,Columbia,SC,29201,,803-779-1234,
Tattoos by Mike Boyd,Columbia,SC,29205,,803-549-5815,
Heat Street,Florence,SC,29501,,843-661-0602,
Excalibur Art Collective,Greenville,SC,29601,,864-232-1234,
Nine Lives Tattoo,Greenville,SC,29601,,864-232-1234,
Black Cloud Tattoo Piercing and Supply,Hill,SC,29730,Rock,803-324-7700,
Lucky Dice Tattoo Shop Spartanburg,Spartanburg,SC,29301,,864-582-1234,
EmbellishMe,United States,SC,29607,Greenville,864-236-1157,
Hoju Tattoo,United States,SC,29902,Beaufort,843-379-4600,
Inktopia Tattoo Parlor,United States,SC,29229,Columbia,803-722-4153,
Lady Liberty Tattoo Parlor,United States,SC,29365,Lyman,864-433-9655,
Perception Studios,United States,SC,29223,Columbia,803-764-4333,
Sacred Magnolia Tattoo,United States,SC,29365,Lyman,,
First Impression Clinic,Aberdeen,SD,57401-4220,115 S Main St,605-225-5337,
Body Illustrations,Brookings,SD,57006-2007,402 5th St,605-692-5511,
Black Hills Tattoo,Rapid City,SD,57701-1370,615 1/2 Riley Ave,605-399-2929,
Alien & Co Tattooing & Piercing,Sioux Falls,SD,57103-2450,510 S Cleveland Ave,605-338-6702,
Skin & Bones Tattoo,Sioux Falls,SD,57104-3413,1401 W 10th St,605-335-0832,
Tattoo Shoppe,Sioux Falls,SD,57104-3610,608 W 11th St,605-335-5909,
Tattoos Ink America,Sioux Falls,SD,57104-0865,3401 N Cliff Ave,605-336-7466,
Sturgis Tattoo Co,Sturgis,SD,57785-1507,1021 1st St,605-347-6969,
River City Tattoos,Yankton,SD,57078-4502,520 E 4th St,605-665-1576,
Taboo Body Piercing,Ave Collinsville,VA,,2824,24078-2278,
Red 5 Tattoo,Beach,VA,,829 Lynnhaven Pkwy #121,,
Temporary Tattoos,Beach,VA,,1912 Atlantic Ave,23451-3311,
Eternal Art Tattoo Studio,St Farmville,VA,,205 N,23901-1538,
Fox Bally Tatto,Street Crystal Lake IL,VA,60014,428 W,,
Awesom Ink,West,VA,25801,5458 Robert C Byrd Dr Beckley,304-255-6346,
No Limit Tattoo,West,VA,26301-3517,218 Milford St Clarksburg,304-623-2019,
Pheonix Tattooz PO Box,West,VA,25053-0629,629 Danville,304-369-1248,
Power Tats Route,West,VA,25043,16 Clay,304-587-7262,
Snakeman's Tattoo & Piercing,West,VA,25414-1088,901 E Washington St #A Charles Town,304-728-7450,
Wizard's Illusions,West,VA,25309-1216,4902 Maccorkle Ave SW South Charleston,304-768-4830,
Raz-A-Tatttoo,Bennington,VT,05201-2141,463 Main St,802-447-7909,
Green Mountain Tattoo Co,Brattleboro,VT,05301-3208,56 Elliot St,802-257-3078,
A Different Stroke Tattoo Std,Burlington,VT,05401-8401,132 Church St,802-660-2700,
One Stroke,Burlington,VT,05401-8401,132 Church St,802-863-4861,
Tattoo Co,Burlington,VT,05401-4247,193 North St,802-860-1013,
Vermont Custom Tattoo & Piercing,Burlington,VT,05401,104 Church St #15,18028810555,
Yankee Tattoo,Burlington,VT,05401-3789,198 Pearl St,802-862-3328,
Southpaw Tattoo,Poultney,VT,05764-1106,280 Main St,802-287-5785,
Dragon's Leyr,Rutland,VT,05701-2843,143 State St,802-747-7870,
Paladin Tattooing,Rutland,VT,05701-2735,163 State St,802-773-1549,
Lil Smitty's Tattoo Magic,Street Blue Island IL,VT,60406,2357,,
Dragon's Leyr PO Box,Wallingford,VT,05742,241 East,802-259-2826,
Unstoppable Force Tatooing,10412,WA,10412,Hwy #4 Glen Allen,23059-1918,
Hartford County Tattoo,Bristol CT,WA,,253 West,860-589-5000,hctattoo@yahoo.com
Ripp'd Canvas Corporation,MD,WA,21230,783,667-309-3766,
Empire Tattoo Boston,Ma,WA,,151,(617) 764-3085,
Abstract Art Tattooing,Mem Hwy Gloucester,WA,,4127 George,,
Army-Navy Tattoo,Mem Hwy Grafton,WA,,7812 George,23692-4854,
C J's Tattoo,Mem Hwy Hayes,WA,,2364 George,23072-3554,
Permafaces Permanent Makeup,Mem Hwy Yorktown,WA,,6515 George,23692-2182,
Accent Tattoo,Memorial Hwy Gloucester,WA,,7186,,
DOE TATTZ & PIERCING SHOP,St,WA,,9948 E,,
THE ARTISTRY REALM TATTOO & ART STUDIO,St,WA,,6663 W,,
Usa Tattoo Studio,St Petersburg,WA,,2336 E,23803-3775,
All About Elizabeth Forward Area.,,WA,,County PA What's Going On! · Facebook,,
Artistic Creations Tattoo,Dunbar,WV,25064-2021,2252 Roxalana Rd,304-744-6207,
Thinkin Ink Studio Of Tattoo,Elkins,WV,26241-3829,18 3rd St,304-636-7778,
Body Art By Brian Inc,Huntington,WV,25702-1524,320 Bridge St,304-522-0224,
Ink Well,Huntington,WV,25701-2447,1327 4th Ave,304-525-0116,
Living Art Studios Inc,Huntington,WV,25701-2405,1524 4th Ave,304-697-7808,
Ink By Night Tattoos,Kingwood,WV,26537-1648,105 Pleasant Ave,304-329-3355,
Body Art Tattoo,Marmet,WV,25315-1637,8403 Maccorkle Ave,304-949-6647,
Dreamquest Studios,Martinsburg,WV,25401-2648,519 W King St,304-262-4662,
Skin Splurge,Martinsburg,WV,25401-3425,560 N Queen St,304-267-1477,
Precision Incision,Morgantown,WV,26505-5402,242 Walnut St,304-296-5566,
Wyld Style Tattoo,Morgantown,WV,26501-4517,15 1/2 Highland St,304-291-4100,
Lure Tattooing & Piercing,Parkersburg,WV,26104-1811,3309 Dudley Ave,304-422-6228,
Ray's House Of Arts,Paw Paw,WV,25434,Owl Hollow Rd,304-496-7128,
Temple Tattoo,Ridgeley,WV,26753,35 Potomac St,304-738-1671,
Sling'n Inc Emporium,St Ripley,WV,25271,117 Court,304-372-1855,
Dreamscape Tattoos,Sutton,WV,26601-1324,301 Main St,304-765-7311,
Dutch's Tattooing,Weirton,WV,26062-4709,3019 Main St,304-748-1572,
Tattoos By Linda RR,Wells,WV,26150,21 Mineral,304-489-3400,
Greg's Tattooing,Wheeling,WV,26003-5204,2204 National Rd,304-242-0061,
Wicked Dragon Tattoo & Piercing (Cold Spring Location),Cold Spring KY,,41076,4135 Alexandria Pike,859-442-0000,
The Lucky Seven Tattoo LLC,Ct,,06119,248 South Quaker lane,860-904-6102,lucky7weha@gmail.com
Lucky Soul Tattoo,Ct.,,06525,214 Amity Road - Woodbridge,203-397-5825,luckysoultattoo@gmail.com
Wicked Dragon Tattoo & Piercing (Erlanger Location),Erlanger KY,,41018,3926 Dixie Highway,859-360-7030,
"370-3311
Chameleon Tattoo & Body Piercing",Ma,,,36 Jfk St,(617) 876-0412,
Cobra Custom Tattoo,Ma,,,26 Main St,(508) 747-8135,
Empire Tattoo Quincy,Ma,,,216 W. Squantum St,(617) 481-6897,
Good Faith Tattoos,Ma,,,1018 Commonwealth Ave,(617) 739-3009,
Nu-Ink Tattoo,Ma,,,550 Central Ave,,
Bang Bang Body Arts,Northampton Ma,,,7 Armory St,(413) 727-3025,
Empire Tattoo,Orange CT,,,547 Boston Post Road,203-298-9518,empiretattoo.ct@gmail.com
"Finding a tattoo shop with talented artists is a lifelong journey, and Pa has a ton of them if you know where to look So just get that tattoo you wanted!! Walk-in availability Located at",Pa,,15137,1967 Lincoln Highway,,
100 2nd Avenue Nw,,,,Lasting Impressions Inc,,
104 N Main Street,,,52641,Mount Pleasant IA,,
1802 Waterloo Road,,,50613,Cedar Falls IA,,
187 ink tattoo,,,,,,
38 answers,,,,Top answer:,,
3rd Eye Tattoo and Art Gallery,,,,,,
4 Arrows Art,,,,N/A,,
409 Douglas Avenue,,,50010,AmES IA,,
505 Tattooz,,,,3296 Coors Blvd NW Albuquerque,,
6565 University Avenue,,,,Until the End Tattoo & Design,,
718 Inked Tattoos And Supplies Inc,,,30318,1738 Howell Mill Road Nw B Atlanta GA,,
A New Creation,,,68104,5115 NW Radial Highway Omaha NE,402-342-7501,
A Thin Line Tattoo,,,12337,S Route 59 Unit 131 Plainfield IL 60585,,
A Time Machine,,,,5493 Franklin Rd SW Roanoke,24014-6661,
AMERICAN GYPSY TATTOO CORP.,,,,512 E Tipton St A,,
Aats Body Piercing,,,,5493 Franklin Rd SW Roanoke,24014-6661,
About Time Tattoo,,,,5604 Williamson Rd NW #B Roanoke,24012-1442,
Absolute Tattoo's & Body,,,68005,215 W Mission Avenue Bellevue NE,,
Accessibility help,,,,AI Mode,,
Ace of Four Hearts Tattoos,,,60435,650 Ruby Street Joliet IL,,
Aces & Eights Tattoo,,,30549,187 Lee Street Jefferson GA,,
Add or update a Tattoo Shop listing here,,,,,,
Airbrush Tattoo,,,10559,S Avenue H Chicago IL 60617,,
Alchemy Tattoo Collective,,,,St. Louis,,
Alex's New Tattoo,,,,3121 Franklin Rd SW Roanoke,24014-1305,
Alex's Tattoo,,,,33 E Main St Salem,24153-3806,
Alluring Body Creations,,,,102 George St Fredericksburg,22401-5812,
Altered Images,,,,2645 County Dr Petersburg,23803-4774,
American Inkwell,,,61554,1308 N 8th Street Pekin IL,,
American Tattoo & Body Piercng,,,68127,4452 S 84th Street Omaha NE,402-339-9000,
American Tattooing,,,14340,Carrollton Blvd Carrollton,23314-3416,
Anamosa IA 52205,,,,Twin City Tattoo,,
Anchor Tattoo,,,,5451 Ballard Ave NW,,
Ancient Art Tattoo Studio,,,,106 Roanoke St W Blacksburg,24060-7418,
Apocalipsis Nocturnal,,,60632,4003 S Archer Avenue Chicago IL,,
Area 52 Tattoo,,,,Keene,,
Arnolds Park IA 51331,,,,Tnt Tattoo,,
Arrows & Embers Tattoo,,,,Concord,,
Artistic Minds Tattoos,,,62966,177 Parrish Lane Murphysboro IL,,
Artistic Skin Design and Body Piercing,,,,3429 South East Street Indianapolis,,
Artkore Tattoos,,,61761,112 W North Street Normal IL,,
"Atlantic Tattoo Co 12 Arundel Rd Kennebunkport, ME 04046-7548",,,,,207-967-1987,
Aztec Tattoos,,,60629,7013 S Pulaski Road Chicago IL,,
Backstreet Tattoos,,,,1625 Maple Ave Buena Vista,24416-2415,
"Bad Seed Body Piercing Co 574 Congress St Portland, ME 04101-3344",,,,,207-871-7791,
Bayou Tattoo,,,,3223 Valley Pike Winchester,22602-2472,
Bee Tattoo Inc,,,60625,2737 W Lawrence Avenue Chicago IL,,
Big Brain Productions,,,68102,1123 Jackson Street Omaha NE,,
Big L Tattoo And Body Piercing Gallery,,,10347,Southwest Highway Chicago Ridge IL 60415,,
Big O Tattoo,,,68508,1640 O Street Lincoln NE,,
Black,,,68124,8453 Frederick Street Omaha NE,,
Black Dragon Tattoo,,,68901,232 N Lincoln Avenue Hastings NE,,
Black Dragon Tattoos & Piercing,,,68901,232 N Lincoln Avenue Hastings NE,,
Black Rabbit Tattoo (Carytown),,,,17 N. Belmont Avenue,,
Black Rabbit Tattoo (Forest Hill),,,,7340 Forest Hill Ave.,,
"Black Sheep Tattoo 61 Portland Rd Gray, ME 04039-9409",,,,,207-657-6363,
Black Squirrel Tattoo,,,68106,2727 S 48th Avenue Omaha NE,,
Black Veil Tattoo,,,,147 Munroe St Lowell Ma,(781) 790-9096,
Blood Born Tattoos,,,62966,1335 Walnut Street Murphysboro IL,,
Blood Oath Tattoo,,,,Concord,,
Blue Fin Tattoo,,,31525,2180 perry lane rd Brunswick GA,,
Blue Heron Tattoo,,,,Derry,,
Body Art Tattoos,,,,8 Chalmers Ct #A Berryville,22611-1349,
Body By Design,,,13655,Cicero Avenue Crestwood IL 60445,,
Body Creations Tattoo,,,,Rochester,,
Body Jewelry & Piercing,,,61401,66 N Seminary Street Galesburg IL,,
Bright Eyes Permanant Csmtcs,,,14441,Dupont Court # 102A Omaha NE 68144,,
Bulletproof Tattoo Company,,,68147,7704 South 36th Street Bellevue NE,,
Burwell's Body Art,,,61920,514 6th Street Charleston IL,,
Buzz Ink Shop,,,,Concord,,
C J's Tattoo Studio Inc,,,,39 N Curry St Gloucester Point,23062-2028,
Canvas Tattoos,,,28205,3012 N. Davidson St. Charlotte NC,,
"Captain Morgan's Fine Line 49 Main St Lewiston, ME 04240-7737",,,,,207-777-7735,
Caspian Tattoo & Body Piercing,,,18478,Forest Rd #8 Forest,24551-4302,
"Cavemans Classic Skin Art 3 1/2 Main St Lisbon, ME 04250-6416",,,,,207-353-5922,
Cedar Rapids IA 52404,,,,Ink Addiction,,
"Ceremony Of The Skin 241 Main St Waterville, ME 04901-6121",,,,,207-859-9884,
Cilo's Tattoo & Piercing Studio,,,,Serving Alamogordo,,
Classic Body Image Inc,,,,201 S Main St Blacksburg,24060-4823,
Closed · Opens 9 AM Fri · (215) 997-6699,,,,,,
Club Tattoo LLC,,,,1333 Terrace Park Drive,,
Colorworks Tattoo Studio,,,,514 N Royal Ave Front Royal,22630-2710,
Connelly's Professional Tattoo,,,,4914 Hickory Rd Petersburg,23803-1707,
Council Bluffs IA 51501,,,,Boji Tattoo & Piercing,,
Creative Designs Tattoo Studio,,,,6301 Hull Street Rd Richmond,23224-2631,
"Crown & Feather is Philadelphia's premier, private tattoo studio. Top notch artists specialize in illustrative, Japanese, and fine line tattooing.",,,,30+ comments · 2 years ago,,
Custom Culture,,,,500 E Hadley Ave Las Cruces,,
Custom Tattoo,,,,1025 Grove Ave Radford,24141-4707,
D'Vas Beauty Salon & Tattoos,,,68112,7112 N 30th Street Omaha NE,,
DNA Ink Tattoo and Piercing,,,,2460 S Locust St Las Cruces,,
Daddyo's Tattoo,,,62801,216 E Broadway Centralia IL,,
Dark Age Tattoo,,,,1205 E Pike St,,
Dark Image Tattoo,,,,130 E 22nd St Buena Vista,24416-3100,
Dark Lotus Tattoo company,,,64068,603 S 291 HWY suite C Liberty MO,(816)222-5750,
Dark Mark Tattoo,,,,Keene,,
"Decatur, 35601",,,,,,
Delicious Ink,,,61104,2310 Charles Street Rockford IL,,
Des Moines IA 50313,,,,Tattoo Emporium,,
Diabolic Ink,,,31602,2015 N Ashley Street Valdosta GA,,
Dillinger Ink Tattoo Studios,,,62896,1202 E. Main Benton IL,,
Directions Map data ©,,,,2026 Google,,
Dr Jack's Ink Emporium,,,13311,Millard Avenue Omaha NE 68137,402-935-4655,
Dr Jacks Ink Emporium,,,68025,422 E 1st Street Fremont NE,,
Dragon 2's Tattoos,,,,469 Palmer St Abingdon,24210-2611,
Dragonhead,,,61103,1417 N Main Street Rockford IL,,
Dreamtime Tattoo & Body Pierce,,,62702,718 N Dirksen Parkway Springfield IL,,
Duffy's Exotic Body Piercing,,,68502,1311 S 11th Street Lincoln NE,,
East Coast Tattoo,,,,2215 Jefferson Davis Hwy Fredericksburg,22401-2113,
East Coast Tattooing,,,,4786 Lee Hwy Arlington,22207-2528,
East End Dermagraphics,,,,4 S 18th St Richmond,23223-6910,
Electric Land Tattoo Studios,,,60455,7510 S Harlem Avenue Bridgeview IL,,
Elixir Tattoo,,,69361,1909 E 7th Street Scottsbluff NE,,
Emerald City Tattoos,,,12332,Lake City Way NE,,
Enigma Studios,,,,1817 W Broad St Richmond,23220-2109,
Epic Tattoo & Body Piercing,,,,1117 W 4th Street,,
Eric's Tattooing Highway,,,68752,275 Meadow Grove NE,,
Eternal Alchemy Tattoo,,,,Peterborough,,
Eternal Art Tattoos,,,62812,108 Center Drive Benton IL,,
"Eternal Tats & Piercing 65 Heath St Oakland, ME 04963-4902",,,,,207-465-8340,
Eternal Tattoo & Body Piercing,,,68787,215 Main Street Wayne NE,,
Ethereal Tattoo,,,,Concord,,
Evil Twins Piercing Studio,,,,215 N Stockwell Rd,,
Exotic Body Piercing and Tattoo,,,,1109 W 2nd St #9 Roswell,,
Exposed Temptations Tattoo,,,,8696 Liberia Avenue Manassas,,
FOUNTAIN SQUARE TATTOO,,,,1104 Prospect St,,
Flam'n' Don's Tattoos,,,62040,1400 20th Street Granite City IL,,
Flash Tat-2,,,,3045 Scottsville Rd Charlottesville,22902-7431,
Foolish Heart Tattoo,,,60505,61 S Broadway Aurora IL,,
Forged in Flesh Tattoo & Piercing,,,,421 E Main St Farmington,,
Freedom Tat2,,,30092,Norcross GA,,
Georgia Boyz Ink Works,,,31021,1022 Hillcrest Parkway Suite 110 Dublin GA,,
Glass Street Tattoo,,,,Manchester,,
Gold City Ink Inc,,,30534,30 Industrial Park Road # 101 Dawsonville GA,,
Golden Needle Tattoo Studio,,,,323 Romero Street Northwest,,
Gothic Tattoo,,,,Concord,,
Grace O'Malley's Fine Art for the Body,,,68516,4201 O St. Lincoln NE,,
Grade A Tattoos and Body Piercing,,,,3615 N Clinton St,,
Guns 2 Roses,,,68521,2701 N 27th Street # D Lincoln NE,,
H & H Tattooing & Body Piercing,,,,1112 N Prince St Clovis,,
HOME,,,,Electric Graffitti Tattoo,,
Harry's Tattoo Shop,,,,620 Westover Dr Danville,24541-4162,
"Hey friends. For those tattooed Pennsylvanians, what ...",,,,17 answers,,
Hicktown Tattoo,,,68446,393 Midland Street Syracuse NE,,
Hidden Hand Tattoo,,,,702 N 35th St,,
Hobo's Tattoo Shop,,,,Portsmouth,,
Hold Fast Tattoo,,,,Dover,,
Hollywood Twisted Needles,,,31601,618 S Patterson Street Valdosta GA,,
How big should a $500 tattoo be?,,,,Feedback,,
Humble Ink Tattoo Studio,,,,Jaffrey,,
Hungry Eye Tattoo,,,68508,116 S 9th Street Lincoln NE,,
Hypnotik Skin Designs,,,62522,1224 N Fairview Avenue Decatur IL,,
INKTIME TATTOOS AND PIERCINGS,,,,4444 Broadway #1a,,
Icon Tattoo,,,,Forest Cove Business Ctr #F Forest,,
Ikigai Tattoo and Body Piercing,,,,105 B E Marcy St Santa Fe,,
Images,,,,Shopping,,
In The Flesh Tattoo's & Body Piercing,,,68801,383b N Walnut Street Grand Island NE,,
Independent Ink Tattoo,,,,301 N Bullard St Silver City,,
Ink Addiction,,,68355,1811 Stone Street Falls City NE,,
"Ink Factory 12 Water St Biddeford, ME 04005-2633",,,,,207-283-9101,
Ink Machine Tattoo & Piercing,,,68504,2326 N 48th Street Lincoln NE,,
Ink Wizard Tattoos,,,30297,827 Main Street Forest Park GA,,
Ink Wizard Tattoos IV,,,30281,5531 N Henry Boulevard # 2 Stockbridge GA,,
Inked Again,,,,Littleton,,
Inksomnia Tattoo Studio,,,11890,Douglas Road Alpharetta GA 30005,,
Inner Reflections Tattoo,,,,928 E Lee Hwy Chilhowie,,
Iron Brush Tattoo,,,68508,1024 O Street Lincoln NE,,
Ivory Tower Tattoo Studio,,,30458,406 Fair Road # 9 Statesboro GA,,
Jefferson IA 50129,,,,Cedar Rapids Tattoo Co,,
Joe S Smokin Tattoos,,,68801,1404 S Locust Street Grand Island NE,308-675-0505,
Junkyard Tattoos,,,30103,353 Plainview Road Se Adairsville GA,,
K & B Tattooing Iv,,,,7424 Brook Rd Richmond,23227-1817,
Karma Tattoos & Body Piercing,,,62901,100 N Glenview Drive # 207 Carbondale IL,,
Keepsake Tattoo Co,,,,3711 Columbia Pike #3 Arlington,22204-4200,
Kelly's Tattoo,,,,North Woodstock,,
Kevin's Xtra Innings Tavern,,,62040,2715 E 23rd Street Granite City IL,,
Klein's Tattoo,,,68949,405 4th Avenue Holdrege NE,,
Kool Kids Tattoo,,,,3535 Gibson Blvd SE Albuquerque,,
Kool Tattoo,,,68847,1904 Central Avenue Kearney NE,308-236-5034,
Kopz & Konz,,,68901,715 W 1st Street Hastings NE,,
Ladies and Gentlemen Tattoo Company,,,,Windham,,
Lady Octopus Tattoos,,,,2813 Clarendon Blvd Arlington,,
Lake View IA 51450,,,,Artistik Illusion,,
Laughing Buddha,,,,1121 E Union St,,
Lifestyle Tattoo,,,,7220 Centreville Rd Manassas,20111-1741,
Lilith Tattoo,,,,2006 E Union St Unit 1,,
Lokote Tattoos,,,,1517 5th St Santa Fe,,
Look Tattooing,,,,Gloucester,,
Looking Glass Ink Tattoo Highway,,,,58 E Martinsville,,
Loose Screw Tattoo,,,,3313A W. Cary St Richmond,,
Loving Tattoo Collective,,,,414 W Cedar St Loving,,
Lucky 13 Tattoo & Piercing,,,,1800 W Broad St Richmond,,
Lucky 13 Tattoos,,,,1411 Old Bridge Rd Woodbridge,22192-2714,
Lucky Stars Tattoo,,,30291,6740 Shannon Parkway Union City GA,,
"Mad Hatter's Tattoo Studio 50 Old Orchard St Old Orchard Bch, ME 04064-2266",,,,,207-934-4090,
Magic Shadow Tattoos & Body,,,69101,107 W 6th Street North Platte NE,,
Mark Paxton Tattoo,,,,607 S White Sands Blvd E Alamogordo,,
Mark Your Spot Tattoos,,,69101,118 E C Street North Platte NE,,
Maximum Tattoo Studio,,,20594,Milwaukee Avenue Deerfield IL 60015,,
Midwest Demographics,,,68314,123rd Street Bee NE,,
"Millennium Productions 114 Main St Biddeford, ME 04005-2504",,,,,207-286-3914,
"Milwaulkee Iron Tattoo 694 Forest Ave Portland, ME 04103-4102",,,,,207-871-1040,
"Miraculous Creations 3 86 Union Sq #3 Dover Foxcroft, ME 04426-1399",,,,,207-564-0124,
Modern Marks Tattoo Studio,,,,9053 Liberia Ave Manassas,20110-5312,
Mojo Studios,,,61604,1229R W Mcclure Avenue Peoria IL,,
Mojo's Dermagraphics & Design,,,68502,1245 S 9th Street Lincoln NE,,
Moonlight Tattoo,,,,8927 Roosevelt Way NE,206-402-6705,
More results from www.reddit.com,,,,https://www.steelcity-pa.com,,
Muddy Water Tattoo Convention,,,,3530 Manchester Drive,,
Mystic Tattoo,,,,2115 Roanoke St #B Christiansburg,24073-2511,
NH Custom Tattoo,,,,Hooksett,,
NH Tattoo,,,,Merrimack,,
Neon Lady Tattoo Studio and Art Gallery,,,,Manchester,,
New Age Tattoo & Piercing,,,,Serving Los Lunas,,
New Age Tattoos & Body Pierce,,,62704,2915 S Macarthur Boulevard Springfield IL,,
New Image Tatoos,,,69001,110 W C Street Macy NE,,
New Inkland Tattoo Co,,,,Manchester,,
Night in the Forest Tattoo Studio,,,,North Conway,,
Nightshade Tattoo & Plant Shop,,,,615 Queen Anne Ave N,,
Off the Wall Tattoo,,,62002,1240 Milton Road Alton IL,,
Old Pine Collective,,,,226 Paseo Del Pueblo Norte unit b Taos,,
Olde Towne Tattoo,,,68847,2007 Central Avenue Kearney NE,,
Open · Closes 8:30 PM · (484) 636-4666,,,,,,
PHONG TATTOO,,,,411 N Rangeline Rd,,
Painted Lady Tattoos,,,,200 South Ave Harrisonburg,22801-1627,
Painted Souls Tattoo & Art Studio,,,,Candia,,
Patriot Ink Tattoo,,,68636,410 N 3rd Street Elgin NE,,
Peace Dragon Tattooing,,,,8562 Gwynedd Way Springfield,22153-3422,
Peg Leg Sam's Tattooing and Piercing,,,,306 E Union Ave suite c Las Cruces,,
Pennsylvania,,,,·,,
Permabeauty,,,11525,Midlothian Tpke #102 Richmond,23235-4763,
Permafaces,,,,2817 N Parham Rd Richmond,23294-4411,
Personal Expression Tattoo,,,,4650 S Amherst Hwy Madison Heights,24572-5386,
Pharaoh Ink Tattoo,,,61337,2202 N. Bloomington st. Suite A Streator IL,,
Phat Katz Tattoo Studio,,,,604 Boulevard #B Colonial Heights,23834-3261,
Phoenix Tattoo LLC,,,,Belmont,,
"Piercing Experience 76 Maine St #1 Brunswick, ME 04011-2022",,,,,207-725-2299,
Pine Tree Ink,,,,Weare,,
Planet Ink Tattoos,,,30144,2500 Cobb Parkway Kennesaw GA,,
Poopy's Pub n' Grub,,,61074,1030 Viaduct Road Savanna IL,,
"Portland Tattoo Shop 633 Forest Ave Portland, ME 04101-1517",,,,,207-772-4662,
Prison Ink Tattoo,,,,110 NE Trilein Dr #8,,
Psychopathic Ink,,,61701,505 N Center Street # 1 Bloomington IL,,
Punx Tattoo,,,68025,240 E 5th Street Fremont NE,,
Punx Tattoo & Body Piercing,,,68701,105 S 8th Street Norfolk NE,,
Rabid Hands Tattoo Studio,,,,4775 Ballard Ave NW,,
Raiden Tattoo,,,60506,912 N Lake Street # A Aurora IL,,
Ray's Tattooing,,,68502,3245 S 13th Street Lincoln NE,,
Rebel Tattoo Studio,,,,707 E Stonewall Dr Front Royal,22630-3066,
Red Dragon Tattoo Inc,,,,425 W Broad St Richmond,23220-4220,
Red Dragon Tattoo Studio,,,,2171 Ivy Rd #11 Charlottesville,22903-1745,
Renegade & Son Tattoos,,,,5311 Macedonia Rd Woodford,22580-3304,
Renegade Tattoos,,,69361,512 E Overland Scottsbluff NE,,
Reo's Tattooing Inc,,,17503,Jefferson Davis Hwy Dumfries,22026-2245,
Revolution Custom Tattoos,,,68801,111 N Walnut Street Grand Island NE,,
Rick's Tattoo Studio,,,,Newport,,
Rick's Tattoos,,,,4818 Lee Hwy Arlington,22207-2510,
River City Tattoo & Piercing Co,,,,1128 N Arthur Ashe Blvd,,
River City Tattoo Blvd,,,,1128 N Arthur Ashe Blvd,,
"Rosebud Tattoo Studio Us Route 1 Saco, ME 04072",,,,,207-283-9632,
STUDIO 13 TATTOO,,,,416 W Coliseum Blvd,,
Sachs Body Modification,,,,3112 Central Ave SE Albuquerque,,
Sacred Heart Tattoo,,,68502,2774 South Street Lincoln NE,,
Sacred Lotus Tattoo,,,,,828-552-3177,info@sacredlotustattoo.com
Sacred Skin Tattoos-Piercings,,,68310,119 N 6th Street Beatrice NE,402-228-4066,
Samurai Tattoo,,,62801,1333 W Broadway Centralia IL,,
Scarlet Rose Studio,,,,Durham,,
Screeming Tiki Tattoo,,,68701,600 W Benjamin Avenue Norfolk NE,,
Seattle Tattoo Emporium,,,,1508 Boren Ave,,
Self Inflicted Studios,,,,St. Louis / St.Peters,,
"Shakedown St Rt 219 West Paris, ME 04289",,,,,207-674-2047,
Sioux City IA 51103,,,,J C T Jones County Tattoo,,
Skin Art Tat-2,,,68776,2300 Dakota Avenue # A South Sioux City NE,,
"Skin Doctors Tattoo Studio 18 N Main St Brewer, ME 04412-2008",,,,,207-989-6413,
Skin Flixx Tattoo,,,68901,714 W. 2ND STREET Hastings NE,,
Skin Ink & Body Shop,,,,1067 Norwood St Radford,24141-4742,
Skin Thrills Tattoo Studio,,,,5005 Williamson Rd NW Roanoke,24012-1726,
Skin Tight Tattoo & Body,,,68803,313 1/2 N Broadwell Avenue Grand Island NE,,
Skini's,,,68701,228 W Norfolk Avenue Norfolk NE,,
Skn Tattoo,,,60050,317 Country Club Drive Mchenry IL,,
Skyline Tattoo,,,,4767 Lee Hwy Arlington,22207-2529,
Skyline Tattoo Studio,,,18615,Jefferson Davis Hwy Triangle,22172-1932,
Slave to the Needle,,,,N/A,,
Southern Rose Tattoo Co,,,,300 N Commerce Ave Waynesboro,22980-5120,
Southern Skin Tattoo Studio,,,,2427 Wards Rd Lynchburg,24502-2103,
State Of The Art Tattooing,,,,107 W Pall Mall St Winchester,22601-4066,
Studio Evolve,,,,512 S Independence Blvd,,
Summer's End Studios,,,,Durham,,
Sundown Tattoo & Emporium,,,68025,626 N H Street Fremont NE,,
Supergenius Tattoo,,,,1419 10th Ave,,
T & T Tattoo,,,61443,411 W 2nd Street Kewanee IL,,
T C's White Dragon Tattoo,,,68901,232 N Lincoln Avenue Hastings NE,,
T J's Dermagraphics Iii,,,,51 E Main St Luray,22835-1902,
T J's Dermagraphics Tattoos Ii,,,,91 N Main St #11 Harrisonburg,22802-3718,
Tattoo Adikshun,,,31707,2401 Dawson Road Albany GA,,
Tattoo Angus,,,,Manchester,,
Tattoo Asylum,,,30052,2860 Highway 78 Loganville GA,,
Tattoo Clinic,,,69101,1015 S Jeffers Street North Platte NE,,
Tattoo Emporium,,,,1429 George Wash Memorial Hwy Gloucester Point,23062-2028,
Tattoo Shop Untamed,,,62801,319 E Broadway Centralia IL,,
Tattoo Tattoo,,,,210 S Jackson St,,
Tattoo Utopia,,,25218,W IL Route 173 Antioch IL 60002,,
Tattoo Warehouse,,,16020,S Lincoln Highway Plainfield IL 60586,,
Tattoo removeal,,,60014,540 e terra cotta Ave Crystal Lake IL,,
Tattoo shops near me,,,,,,
Tattoo's At Poopy's,,,61074,1030 Viaduct Road Savanna IL,,
"Tattoos By Bonnie 8 Pleasant St Brunswick, ME 04011-2248",,,,,207-729-4051,
Tattoos By Drew Highway,,,31316,84 Ludowici GA,,
Teresa Sutherland Tattoo,,,,1305 Seminole Trl Charlottesville,22901-1771,
The Blue Hue,,,61265,SouthPark Mall Moline IL,,
The Clay Dragon Tattoo Studio,,,,Seabrook,,
The Collective Tattoo & Body Piercing,,,,2720 N Mall Dr #116,,
The Darling Grey Tattoo and Gallery,,,,North Conway,,
The Dungeon Tattoo & Piercing,,,,1632 Cerrillos Rd Santa Fe,,
The Hideout Tattoo,,,,Concord,,
The Ink Club Tattoo Studio,,,,Hudson,,
Thunder Arrow Tattoo Co,,,,5348 Hull Street Rd Richmond,23224-2426,
"Tom's Terrific Tattoos 91 State St Ellsworth, ME 04605-1923",,,,,207-667-1902,
"Tommy Tatts & Son Studio Tatt's Tommy Concourse Ma Newport, ME 04953",,,,,207-368-4996,
Tools,,,,Search Results,,
Toucan Tattoo Shop,,,,1787 George Wash Memorial Hwy Gloucester Point,23062-2221,
"Tropics North Tattoo Studio 2 Mill St Orono, ME 04473-4039",,,,,207-866-2805,
True Love Tattoo,,,,301 Central Ave NW Suite A Albuquerque,,
Twelfth Street Temptoos,,,68005,209 Industrial Drive Bellevue NE,,
Underworld Tattoo Company,,,,Salem,,
Urban Tribe Body Piercing,,,,1 Campbell Ave SW Roanoke,24011-1301,
VJ's Tattoo Art Gallery,,,,5103 Menaul Blvd NE Albuquerque,,
VSOP Studios,,,,2705 Juan Tabo Blvd NE c3 Albuquerque,,
Valley Tattoo Studio Us Highway,,,,50 Boyce,,
"Virgin Skin Tattoo Route 2 Mexico, ME 04257",,,,,207-562-0928,
Visible Soul Tattoo,,,69130,711 Meridian Avenue Cozad NE,,
Vital Ink Tattoo,,,,Barrington,,
Wea Inc,,,61920,1448 9th Street Charleston IL,,
Website,,,,·,,
White Dragon Tattoo Studio,,,68601,3019 23rd Street # C Columbus NE,,
White Dragon Tattoos,,,68787,215 Main Street Wayne NE,,
White Lotus Tattoo,,,11064,Lake City Way NE Ste. 6,,
White Mountain Tattoo and Body Piercing Studio,,,,Conway,,
"Wicked Tattoos 208 Main St Waterville, ME 04901-6116",,,,,207-861-8303,
"Wiz Tattoos 510 S Main St Brewer, ME 04412-2423",,,,,207-989-6017,
Wolfman's Tattoo Studio,,,60441,100 Macgregor Road Lockport IL,,
Worship Tattoo,,,,Portsmouth,,
Yesterday's Hero Tattoo,,,61704,2907 Gill Street Bloomington IL,,
evolutioninktattoo.com,,,,Crown and Feather Tattoo co.,,
"| 

Tattooz While U Wait By Pete",,,31324,3760 US Highway 17 Richmond Hill GA,,
"| Tattoo Shop | Address | Phone | Details |
| --- | --- | --- | --- |

| 

3 Layers Deep Tattoo Studio",,,30052,144 Clifford Street Loganville GA,,
The best tattoo shops in Pennsylvania,and professional atmosphere. Love their team!Read more,,,Blue Lotus Tattoo in Easton,,
Xclusive Ink Tattoo (Rocky Hill),but hours are 10 a.m. to 6 p.m. daily),,,Rocky Hill,860-471-6263,N/A (contact form only)
Xclusive Ink Tattoo (Farmington),but open Tues -Sat. 10 a.m to 6 p.m.),,,Farmington,860-471-4459,N/A (contact form only)
Xclusive Ink Tattoo (Wallingford),but open Tues -Sat. 10 a.m to 6 p.m.),,,Wallingford,860-989-6425,N/A (contact form only)
"Baker Street Tattoo | Tattoo shop | 26 W Baker St, Media, PA ...",tattoo and piercings 7 days a week call or come in for availability.,,,Baker Street Tattoo and Piercing shop in Media PA,,
